filename,true_label,predicted_label,correct
0b688923b0.jpg,antelope,antelope,True
0ee903ea13.jpg,antelope,antelope,True
0fb2e9aa81.jpg,antelope,antelope,True
27a5369441.jpg,antelope,deer,False
72e3e735f7.jpg,antelope,antelope,True
73c2ef82e2.jpg,antelope,antelope,True
8b1539144f.jpg,antelope,antelope,True
fab6e81536.jpg,antelope,antelope,True
fc6545699d.jpg,antelope,antelope,True
0c29e0107f.jpg,badger,badger,True
10a6d3492c.jpg,badger,badger,True
14d27983c0.jpg,badger,badger,True
1ca97cd058.jpg,badger,badger,True
21ec1b1f1a.jpg,badger,badger,True
3e9f67e828.jpg,badger,badger,True
4c273d12a9.jpg,badger,badger,True
630f6e0af4.jpg,badger,badger,True
63d7c3e6d0.jpg,badger,badger,True
32fac37649.jpg,bat,bat,True
461e95198f.jpg,bat,reindeer,False
499be57e10.jpg,bat,crow,False
526e897d68.jpg,bat,bat,True
57c0849090.jpg,bat,okapi,False
5a5de9561b.jpg,bat,bat,True
733e36d245.jpg,bat,bat,True
7f55635dbb.jpg,bat,bat,True
9a84392cf2.jpg,bat,bat,True
039b2ae790.jpg,bear,bear,True
04e5d04320.jpg,bear,bear,True
0f61069510.jpg,bear,bear,True
25ad0adb55.jpg,bear,bear,True
385cd10acb.jpg,bear,bear,True
39d27b6e2b.jpg,bear,bear,True
4384ef0218.jpg,bear,bear,True
458f3c80a1.jpg,bear,bear,True
7c4f6d1f97.jpg,bear,bear,True
160cdad8e6.jpg,bee,bee,True
462c97a5db.jpg,bee,bee,True
47a87d7786.jpg,bee,bee,True
520c8528bc.jpg,bee,bee,True
5267f18ec9.jpg,bee,bee,True
5adc0a316b.jpg,bee,bee,True
5f4eacc507.jpg,bee,bee,True
603a820424.jpg,bee,bee,True
82f3842d33.jpg,bee,bee,True
05f1f4c7c8.jpg,beetle,beetle,True
0d46406b7c.jpg,beetle,beetle,True
0de750893f.jpg,beetle,beetle,True
1ae9801eb0.jpg,beetle,beetle,True
514cd025fa.jpg,beetle,beetle,True
5dc296bee2.jpg,beetle,beetle,True
687486f1cb.jpg,beetle,beetle,True
829e17c31b.jpg,beetle,beetle,True
9977af1a6f.jpg,beetle,beetle,True
133ca596fe.jpg,bison,bison,True
1a993de5a8.jpg,bison,bison,True
1e727a98f4.jpg,bison,bison,True
3d657e1eb5.jpg,bison,bison,True
5c81a68ac3.jpg,bison,bison,True
6e58d5608a.jpg,bison,bison,True
79e1610d01.jpg,bison,bison,True
87a5c700ad.jpg,bison,bison,True
8e6adbdc40.jpg,bison,bison,True
12c58c5e8c.jpg,boar,boar,True
13e49ce33a.jpg,boar,boar,True
1643dbb824.jpg,boar,boar,True
2fa8d16887.jpg,boar,boar,True
3fc82d21eb.jpg,boar,boar,True
481db3c9bd.jpg,boar,boar,True
580d7cc298.jpg,boar,boar,True
61c314e564.jpg,boar,boar,True
911a9d2f67.jpg,boar,boar,True
016caf0681.jpg,butterfly,butterfly,True
110f709dfb.jpg,butterfly,butterfly,True
11ccf63df4.jpg,butterfly,butterfly,True
3513bc5551.jpg,butterfly,butterfly,True
49da7810ae.jpg,butterfly,butterfly,True
6a09b0f37d.jpg,butterfly,butterfly,True
78c0646afd.jpg,butterfly,butterfly,True
9e9409f4fd.jpg,butterfly,butterfly,True
9ec9340720.jpg,butterfly,butterfly,True
057e6db146.jpg,cat,cat,True
39ae72da61.jpg,cat,cat,True
4815f8dfaa.jpg,cat,cat,True
4bd8b7789f.jpg,cat,cat,True
578d493138.jpg,cat,cat,True
71756f7bd0.jpg,cat,cat,True
77dee19720.jpg,cat,cat,True
8af49688fa.jpg,cat,cat,True
8d88a86d91.jpg,cat,cat,True
061f28e3af.jpg,caterpillar,caterpillar,True
1c8669c4d6.jpg,caterpillar,caterpillar,True
1f67ad9681.jpg,caterpillar,owl,False
21b68b5df1.jpg,caterpillar,caterpillar,True
48eac9ee9c.jpg,caterpillar,caterpillar,True
63b1ce9e8d.jpg,caterpillar,caterpillar,True
7a3c24402a.jpg,caterpillar,caterpillar,True
7d02ac39d4.jpg,caterpillar,caterpillar,True
8ee91b44e0.jpg,caterpillar,caterpillar,True
00981a3b70.jpg,chimpanzee,chimpanzee,True
05ffb1984e.jpg,chimpanzee,chimpanzee,True
12e3711a55.jpg,chimpanzee,chimpanzee,True
2cfcde5ead.jpg,chimpanzee,chimpanzee,True
52f01dfff0.jpg,chimpanzee,chimpanzee,True
59de383d63.jpg,chimpanzee,chimpanzee,True
700d610531.jpg,chimpanzee,chimpanzee,True
83eb6e13c0.jpg,chimpanzee,chimpanzee,True
8d5f4ac8a9.jpg,chimpanzee,chimpanzee,True
01af9577d7.jpg,cockroach,cockroach,True
218f3a3708.jpg,cockroach,cockroach,True
34e755b97b.jpg,cockroach,cockroach,True
355d879b4e.jpg,cockroach,cockroach,True
3ded9bb960.jpg,cockroach,cockroach,True
3ff6355b91.jpg,cockroach,cockroach,True
454fe556e7.jpg,cockroach,cockroach,True
5ac3821fa3.jpg,cockroach,cockroach,True
7858d4a09e.jpg,cockroach,cockroach,True
0bc9244dbf.jpg,cow,cow,True
129dd77ad8.jpg,cow,cow,True
23d5ae3c7f.jpg,cow,cow,True
2515fc48ed.jpg,cow,cow,True
46beba7077.jpg,cow,cow,True
68087b595a.jpg,cow,cow,True
8005f47721.jpg,cow,cow,True
85ebd9b6f4.jpg,cow,cow,True
95f848d627.jpg,cow,cow,True
0058a88ed6.jpg,coyote,coyote,True
0b1ae678e9.jpg,coyote,coyote,True
162fb4d62e.jpg,coyote,coyote,True
1ae720ad3b.jpg,coyote,coyote,True
23dcefd769.jpg,coyote,coyote,True
2c1cc913aa.jpg,coyote,coyote,True
46d2138807.jpg,coyote,coyote,True
4f33c939db.jpg,coyote,coyote,True
7fd29911ac.jpg,coyote,coyote,True
0615c19b25.jpg,crab,crab,True
1de5e32b3e.jpg,crab,crab,True
1e2b79379b.jpg,crab,crab,True
51cc8c3bc9.jpg,crab,crab,True
5f04912e9e.jpg,crab,crab,True
6bba319305.jpg,crab,crab,True
7f65b9bf02.jpg,crab,crab,True
8b5424d2ad.jpg,crab,crab,True
9b74fbf107.jpg,crab,lobster,False
08d39d0f4d.jpg,crow,crow,True
511e0951f8.jpg,crow,crow,True
5bbfea04ef.jpg,crow,crow,True
5e97037a44.jpg,crow,crow,True
71aad6f53b.jpg,crow,crow,True
79ecd16df8.jpg,crow,crow,True
7a171dca50.jpg,crow,crow,True
83b28a30aa.jpg,crow,crow,True
85e5dcd314.jpg,crow,crow,True
06ab7583e7.jpg,deer,deer,True
1bd462a4d8.jpg,deer,deer,True
2bfd74862a.jpg,deer,deer,True
36c8c857a3.jpg,deer,deer,True
5a89ae0b69.jpg,deer,deer,True
66bf4aa93e.jpg,deer,deer,True
70e093d09f.jpg,deer,deer,True
7c7343703c.jpg,deer,antelope,False
9b9cd711f5.jpg,deer,deer,True
0b6670809d.jpg,dog,pig,False
0ff0ba075e.jpg,dog,dog,True
2a8a6a6050.jpg,dog,dog,True
3f956b8d4c.jpg,dog,dog,True
41f5881bb6.jpg,dog,dog,True
4db9316411.jpg,dog,dog,True
58b4804b9e.jpg,dog,dog,True
63b74efb32.jpg,dog,dog,True
76bad2abea.jpg,dog,dog,True
16eb90e8df.jpg,dolphin,dolphin,True
1a716cd8b3.jpg,dolphin,dolphin,True
28dba6a409.jpg,dolphin,dolphin,True
2eb0feaa3a.jpg,dolphin,dolphin,True
5e52f5e532.jpg,dolphin,dolphin,True
6e01fb1a1b.jpg,dolphin,dolphin,True
72e629253b.jpg,dolphin,dolphin,True
7f653cb2fc.jpg,dolphin,dolphin,True
8e8ec91d3e.jpg,dolphin,seal,False
07a65ded77.jpg,donkey,donkey,True
0ace398f01.jpg,donkey,donkey,True
102a41e311.jpg,donkey,donkey,True
1f88532b75.jpg,donkey,donkey,True
1fb1476dd4.jpg,donkey,antelope,False
69f7798bf6.jpg,donkey,donkey,True
7c71d5b549.jpg,donkey,donkey,True
8d95dfedfc.jpg,donkey,horse,False
92beefc18b.jpg,donkey,donkey,True
0a859ff327.jpg,dragonfly,mosquito,False
1a7a5b1e56.jpg,dragonfly,dragonfly,True
1dd0ed50bf.jpg,dragonfly,dragonfly,True
2c1e15576b.jpg,dragonfly,dragonfly,True
2e165e543f.jpg,dragonfly,dragonfly,True
353bd2bd65.jpg,dragonfly,dragonfly,True
454bf57ff8.jpg,dragonfly,dragonfly,True
6ea220a558.jpg,dragonfly,mosquito,False
8d5e2a84b5.jpg,dragonfly,dragonfly,True
04cd0e1e8e.jpg,duck,mouse,False
09e31cf939.jpg,duck,duck,True
2c34758a8e.jpg,duck,duck,True
3e12e9e793.jpg,duck,duck,True
3fee593168.jpg,duck,duck,True
407a395696.jpg,duck,duck,True
4c056abf02.jpg,duck,goose,False
7e3aba17dc.jpg,duck,duck,True
9b8ce692e8.jpg,duck,hamster,False
0572b4375b.jpg,eagle,eagle,True
07c29966bd.jpg,eagle,crow,False
266a244cf3.jpg,eagle,eagle,True
29c53bd78f.jpg,eagle,eagle,True
571cd0f113.jpg,eagle,eagle,True
5c75295aec.jpg,eagle,eagle,True
76e6267bec.jpg,eagle,eagle,True
8cceb432b8.jpg,eagle,eagle,True
9bc9b116a7.jpg,eagle,eagle,True
032ef781ef.jpg,elephant,elephant,True
10ee8625c0.jpg,elephant,elephant,True
18d2849164.jpg,elephant,bison,False
23b99fb3bf.jpg,elephant,kangaroo,False
27f0f7f555.jpg,elephant,elephant,True
43b74457d1.jpg,elephant,elephant,True
4dacf9a3f0.jpg,elephant,elephant,True
72c584b509.jpg,elephant,elephant,True
8d9950ed68.jpg,elephant,elephant,True
2797fff147.jpg,flamingo,flamingo,True
29dc7381e7.jpg,flamingo,flamingo,True
3f3706266e.jpg,flamingo,flamingo,True
44c150d96b.jpg,flamingo,flamingo,True
56f72078bf.jpg,flamingo,flamingo,True
5a57a6d1e0.jpg,flamingo,flamingo,True
6540f4b7ee.jpg,flamingo,flamingo,True
6c87b27672.jpg,flamingo,flamingo,True
6dc4504d62.jpg,flamingo,flamingo,True
252a1a17dc.jpg,fly,fly,True
27b366c663.jpg,fly,fly,True
425d456372.jpg,fly,bee,False
43d0d09927.jpg,fly,fly,True
5e0d0e7cd0.jpg,fly,fly,True
5f5ea4a88e.jpg,fly,fly,True
6ebdafaf48.jpg,fly,fly,True
780df42897.jpg,fly,fly,True
813b861e76.jpg,fly,moth,False
0cfb16f2dd.jpg,fox,fox,True
19f72b1098.jpg,fox,fox,True
1a89f88226.jpg,fox,fox,True
1b2b288aa8.jpg,fox,fox,True
2d70da21cb.jpg,fox,fox,True
3d625f9bf5.jpg,fox,fox,True
4f98c92165.jpg,fox,coyote,False
5ec40607cb.jpg,fox,fox,True
6f36425496.jpg,fox,fox,True
037bf28bc5.jpg,goat,goat,True
3f8b153750.jpg,goat,goat,True
532f20fef7.jpg,goat,goat,True
5b2e5409d4.jpg,goat,donkey,False
61a01da7a5.jpg,goat,goat,True
673a73affb.jpg,goat,goat,True
76cbdee97d.jpg,goat,goat,True
84b0988e72.jpg,goat,sheep,False
9a5f7038d8.jpg,goat,goat,True
08b2897c5e.jpg,goldfish,goldfish,True
45b9312946.jpg,goldfish,goldfish,True
4c0d7860e9.jpg,goldfish,goldfish,True
7e0957c35d.jpg,goldfish,goldfish,True
82dfa598a6.jpg,goldfish,goldfish,True
8c6b4eabca.jpg,goldfish,goldfish,True
98b24c0c93.jpg,goldfish,goldfish,True
9a1d33c868.jpg,goldfish,goldfish,True
9bfcb44990.jpg,goldfish,goldfish,True
1e99f305f3.jpg,goose,goose,True
31d67b365a.jpg,goose,goose,True
3fc7a4d84b.jpg,goose,goose,True
56ad8d6785.jpg,goose,goose,True
75e1003b3f.jpg,goose,goose,True
7bf59080b4.jpg,goose,goose,True
82da0d8f51.jpg,goose,goose,True
8a8b78c84f.jpg,goose,goose,True
8fcf7e1d84.jpg,goose,goose,True
010d3131e7.jpg,gorilla,gorilla,True
01a857d803.jpg,gorilla,gorilla,True
3e44e5d6d5.jpg,gorilla,gorilla,True
5b2013bcca.jpg,gorilla,gorilla,True
65ebd4d9cd.jpg,gorilla,gorilla,True
76a01475c9.jpg,gorilla,gorilla,True
81dce91ce5.jpg,gorilla,gorilla,True
96b84b024b.jpg,gorilla,gorilla,True
9a36f44210.jpg,gorilla,boar,False
0cdfe9e85a.jpg,grasshopper,grasshopper,True
1bc8aa7c51.jpg,grasshopper,grasshopper,True
1fbdcee163.jpg,grasshopper,grasshopper,True
30c79c9e9b.jpg,grasshopper,grasshopper,True
50b8ec39f7.jpg,grasshopper,grasshopper,True
6ecae48713.jpg,grasshopper,grasshopper,True
76bd8c7837.jpg,grasshopper,grasshopper,True
84bc559f9e.jpg,grasshopper,grasshopper,True
94cdc3e11a.jpg,grasshopper,octopus,False
2850e478a3.jpg,hamster,hamster,True
29c1e9e4b9.jpg,hamster,hamster,True
3a97d032fe.jpg,hamster,hamster,True
4c1639afef.jpg,hamster,hamster,True
5e38d7cae6.jpg,hamster,hamster,True
8b8af1610a.jpg,hamster,hamster,True
8d20de1743.jpg,hamster,hamster,True
90a9968b1d.jpg,hamster,hamster,True
9e8e16bdd7.jpg,hamster,hamster,True
01d3d9ad9a.jpg,hare,hare,True
22e3965680.jpg,hare,cat,False
2aa2a622ba.jpg,hare,reindeer,False
32dc384e72.jpg,hare,hare,True
33f92fdda6.jpg,hare,hare,True
3f6c914c83.jpg,hare,hare,True
4da241924a.jpg,hare,hare,True
66cd12c754.jpg,hare,hare,True
78c72805ac.jpg,hare,hare,True
0a7794fa59.jpg,hedgehog,hedgehog,True
32ecce8ad4.jpg,hedgehog,hedgehog,True
361b8f608c.jpg,hedgehog,hedgehog,True
3a20b11532.jpg,hedgehog,hedgehog,True
59ec0cdb49.jpg,hedgehog,hedgehog,True
5d13f1872c.jpg,hedgehog,hedgehog,True
78c30aafa8.jpg,hedgehog,hedgehog,True
7b6736369f.jpg,hedgehog,hedgehog,True
93d2538527.jpg,hedgehog,hedgehog,True
2e6891828e.jpg,hippopotamus,hippopotamus,True
3b51b03f5b.jpg,hippopotamus,hippopotamus,True
3f0a386e84.jpg,hippopotamus,hippopotamus,True
4ba6ebbc29.jpg,hippopotamus,hippopotamus,True
6a06b2df96.jpg,hippopotamus,hippopotamus,True
78fc6fc1f4.jpg,hippopotamus,seal,False
811a013e2e.jpg,hippopotamus,hippopotamus,True
94d809b1f6.jpg,hippopotamus,hippopotamus,True
9f84c471d4.jpg,hippopotamus,hippopotamus,True
0fdd280371.jpg,hornbill,hornbill,True
2a48dce95b.jpg,hornbill,hornbill,True
2e6ca89442.jpg,hornbill,hornbill,True
34b59845f5.jpg,hornbill,hornbill,True
40fe0dd41d.jpg,hornbill,hornbill,True
7b247afd37.jpg,hornbill,hornbill,True
87fdb5fd70.jpg,hornbill,hornbill,True
8b75e71eb3.jpg,hornbill,hornbill,True
9a3628b062.jpg,hornbill,hornbill,True
173a7ce74e.jpg,horse,horse,True
1ea2e9e1da.jpg,horse,deer,False
517fe194b9.jpg,horse,horse,True
616a7424e4.jpg,horse,horse,True
8c9f6aadda.jpg,horse,horse,True
92b2ac86ed.jpg,horse,horse,True
94a7815736.jpg,horse,horse,True
9a4e3fd565.jpg,horse,goat,False
9c3b0ff68e.jpg,horse,horse,True
046ec0be71.jpg,hummingbird,hummingbird,True
0b22b7df75.jpg,hummingbird,hummingbird,True
14e450f623.jpg,hummingbird,hummingbird,True
255dc31008.jpg,hummingbird,hummingbird,True
2cd301c395.jpg,hummingbird,hummingbird,True
3ac0eb17a1.jpg,hummingbird,hummingbird,True
7b5d90411d.jpg,hummingbird,hummingbird,True
7c70938638.jpg,hummingbird,hummingbird,True
9b67da4908.jpg,hummingbird,hummingbird,True
0a8625b384.jpg,hyena,hyena,True
103ac145e4.jpg,hyena,hyena,True
1a24a5baea.jpg,hyena,hyena,True
29f9493dc2.jpg,hyena,hyena,True
2a99170a1b.jpg,hyena,hyena,True
3d9e1aad25.jpg,hyena,hyena,True
4fd14b53af.jpg,hyena,boar,False
5cebeacdcf.jpg,hyena,hyena,True
73a364efd9.jpg,hyena,hyena,True
0dff185710.jpg,jellyfish,jellyfish,True
1d831c5733.jpg,jellyfish,jellyfish,True
1fcf053a00.jpg,jellyfish,jellyfish,True
3e0b5e1f51.jpg,jellyfish,jellyfish,True
6a77b30bd8.jpg,jellyfish,jellyfish,True
6e71da9494.jpg,jellyfish,jellyfish,True
6f05ba9ad7.jpg,jellyfish,jellyfish,True
7b73a08c55.jpg,jellyfish,jellyfish,True
80dba9b878.jpg,jellyfish,jellyfish,True
09d0fdaadd.jpg,kangaroo,kangaroo,True
3b9fd57c11.jpg,kangaroo,kangaroo,True
4cc6403549.jpg,kangaroo,kangaroo,True
698c085984.jpg,kangaroo,kangaroo,True
6aad80b0b2.jpg,kangaroo,kangaroo,True
6ca6046b96.jpg,kangaroo,kangaroo,True
7c9ff66c57.jpg,kangaroo,kangaroo,True
7cc3b69b2f.jpg,kangaroo,kangaroo,True
8b458653a3.jpg,kangaroo,kangaroo,True
0042f2effe.jpg,koala,koala,True
1a9acbddfd.jpg,koala,koala,True
2e8fe24ad3.jpg,koala,koala,True
33efc25c32.jpg,koala,koala,True
3b032f05b1.jpg,koala,woodpecker,False
3d09dc2987.jpg,koala,koala,True
3f4b2076a8.jpg,koala,koala,True
57dd0f6d03.jpg,koala,koala,True
6c55ea6cca.jpg,koala,koala,True
2a7ac1a149.jpg,ladybugs,ladybugs,True
2dae747c2c.jpg,ladybugs,starfish,False
2dcfaffd33.jpg,ladybugs,ladybugs,True
2e4e159193.jpg,ladybugs,ladybugs,True
377a7e9c80.jpg,ladybugs,ladybugs,True
5f60968c5d.jpg,ladybugs,ladybugs,True
782ea7feab.jpg,ladybugs,ladybugs,True
8a55906260.jpg,ladybugs,ladybugs,True
8e6e74e85b.jpg,ladybugs,ladybugs,True
0cf927aad7.jpg,leopard,leopard,True
16c517b41f.jpg,leopard,rhinoceros,False
1dc348f0f4.jpg,leopard,leopard,True
2a41aeb776.jpg,leopard,leopard,True
3d912d69d7.jpg,leopard,leopard,True
4aefd7bcf1.jpg,leopard,leopard,True
6a1e98348e.jpg,leopard,leopard,True
6b0f0c2480.jpg,leopard,leopard,True
9d16c2b935.jpg,leopard,leopard,True
09b23c3373.jpg,lion,lion,True
191aede32f.jpg,lion,lion,True
1e1b3ea01c.jpg,lion,donkey,False
22aa65105f.jpg,lion,lion,True
4c6ec7185d.jpg,lion,lion,True
67e24a4b79.jpg,lion,lion,True
8cb1b87044.jpg,lion,lion,True
8ee9a43ad6.jpg,lion,lion,True
9acdf9a504.jpg,lion,lion,True
027a135d0c.jpg,lizard,lizard,True
5f41057c56.jpg,lizard,lizard,True
5f8337cd1d.jpg,lizard,lizard,True
65fa1309e8.jpg,lizard,leopard,False
6de3ff9c70.jpg,lizard,lizard,True
7a51112ebb.jpg,lizard,owl,False
8da575dfda.jpg,lizard,lizard,True
9ae814aa60.jpg,lizard,caterpillar,False
9cb84541b7.jpg,lizard,lizard,True
5a2f63d10a.jpg,lobster,lobster,True
8419d62564.jpg,lobster,lobster,True
89427b22f3.jpg,lobster,lobster,True
c178d6b7f5.jpg,lobster,lobster,True
d12531f380.jpg,lobster,fly,False
d97b0d266a.jpg,lobster,lobster,True
db900858df.jpg,lobster,lobster,True
e231110f3f.jpg,lobster,lobster,True
fb8a0aab90.jpg,lobster,lobster,True
0ce2e70635.jpg,mosquito,mosquito,True
247b7fb814.jpg,mosquito,mosquito,True
2c8600c6ad.jpg,mosquito,mosquito,True
2da44f343a.jpg,mosquito,fly,False
42f421523d.jpg,mosquito,mosquito,True
47b846f842.jpg,mosquito,mosquito,True
4a18789850.jpg,mosquito,mosquito,True
5d6099faee.jpg,mosquito,mosquito,True
5feb73f31a.jpg,mosquito,mosquito,True
001fc748e6.jpg,moth,moth,True
05aa1f0c96.jpg,moth,moth,True
214e0ce6ff.jpg,moth,hare,False
4e17cd5d40.jpg,moth,dragonfly,False
6f81260d1a.jpg,moth,moth,True
71a7cdba77.jpg,moth,moth,True
750e7286e7.jpg,moth,moth,True
82f8cd4b4a.jpg,moth,moth,True
96b3c8eae3.jpg,moth,moth,True
26bf78326c.jpg,mouse,hare,False
40095ffd13.jpg,mouse,mouse,True
719c8d79b6.jpg,mouse,rat,False
8496fcf717.jpg,mouse,mouse,True
849d3533e2.jpg,mouse,rat,False
99c9d55f53.jpg,mouse,mouse,True
b41f50c624.jpg,mouse,caterpillar,False
b525f753bb.jpg,mouse,mouse,True
b77085df06.jpg,mouse,rat,False
00dc9380ee.jpg,octopus,octopus,True
3b5456320f.jpg,octopus,octopus,True
4c263702fb.jpg,octopus,octopus,True
4dbd175af0.jpg,octopus,octopus,True
5c2841e641.jpg,octopus,octopus,True
5c6156f4d0.jpg,octopus,octopus,True
63f5e7f63f.jpg,octopus,octopus,True
7c74109d07.jpg,octopus,octopus,True
8f4289e90a.jpg,octopus,octopus,True
0a1a5a2140.jpg,okapi,okapi,True
0f3eb236be.jpg,okapi,okapi,True
0ff4ce0465.jpg,okapi,okapi,True
2ee0c1dd20.jpg,okapi,okapi,True
4e8b303dc1.jpg,okapi,okapi,True
79f7e8cb1d.jpg,okapi,okapi,True
7ebe093f87.jpg,okapi,okapi,True
7f61572b6d.jpg,okapi,okapi,True
8e737aeecb.jpg,okapi,okapi,True
031b7abfe8.jpg,orangutan,orangutan,True
162fbcde47.jpg,orangutan,orangutan,True
1bd8f60c16.jpg,orangutan,orangutan,True
4ea0e061b4.jpg,orangutan,orangutan,True
5ea78adb34.jpg,orangutan,orangutan,True
5ec0c80431.jpg,orangutan,orangutan,True
6e0d356e20.jpg,orangutan,orangutan,True
83bfd54148.jpg,orangutan,orangutan,True
91cf56279c.jpg,orangutan,orangutan,True
0359a79062.jpg,otter,otter,True
0dea6f9641.jpg,otter,otter,True
0eb07d4a64.jpg,otter,otter,True
115c9fceda.jpg,otter,otter,True
1f228cc47b.jpg,otter,otter,True
45a67e082d.jpg,otter,otter,True
5f85f5c650.jpg,otter,otter,True
73db3064a6.jpg,otter,otter,True
81b74c0d44.jpg,otter,otter,True
01cd839271.jpg,owl,moth,False
29de5684a7.jpg,owl,owl,True
4d064405f8.jpg,owl,owl,True
5f0356e4ce.jpg,owl,caterpillar,False
6e428cf18f.jpg,owl,squid,False
6e8ce60e91.jpg,owl,owl,True
731ce5d441.jpg,owl,owl,True
7db4c4248e.jpg,owl,owl,True
98eb0f2b06.jpg,owl,owl,True
39c902c90d.jpg,ox,goat,False
3cc2f31ae7.jpg,ox,sheep,False
57f78d386c.jpg,ox,ox,True
70ece7f251.jpg,ox,ox,True
847c7723d7.jpg,ox,reindeer,False
9635c8c313.jpg,ox,ox,True
9715dabe96.jpg,ox,ox,True
9dc155082c.jpg,ox,ox,True
a3371e5ad6.jpg,ox,ox,True
31062ccd43.jpg,oyster,oyster,True
333305dfcd.jpg,oyster,oyster,True
65345ea11e.jpg,oyster,oyster,True
9331f99b96.jpg,oyster,oyster,True
b32d60f0d4.jpg,oyster,oyster,True
bf9da6afbc.jpg,oyster,oyster,True
ecfebda8d5.jpg,oyster,oyster,True
f9976a2071.jpg,oyster,oyster,True
f9e0569bde.jpg,oyster,oyster,True
059f17ae45.jpg,panda,panda,True
093ad8d3cb.jpg,panda,panda,True
09ec7468db.jpg,panda,panda,True
2aae9ae91c.jpg,panda,panda,True
2e5ecf80c3.jpg,panda,panda,True
4f7295164b.jpg,panda,panda,True
4ff9097668.jpg,panda,panda,True
5d2a9fc32c.jpg,panda,panda,True
7a007b7aec.jpg,panda,panda,True
0b2a1e349a.jpg,parrot,parrot,True
25e773e479.jpg,parrot,parrot,True
29c26708a0.jpg,parrot,parrot,True
46ed4828b1.jpg,parrot,parrot,True
5affc48d37.jpg,parrot,parrot,True
60e0c50a4a.jpg,parrot,parrot,True
6be2eb3fb3.jpg,parrot,hamster,False
7a7fdb0450.jpg,parrot,parrot,True
91f0604cc7.jpg,parrot,parrot,True
005b5e9644.jpg,pelecaniformes,pelecaniformes,True
0ab0f975f2.jpg,pelecaniformes,pelecaniformes,True
0be20469c7.jpg,pelecaniformes,pelecaniformes,True
18caf606f5.jpg,pelecaniformes,pelecaniformes,True
3e39bce8b8.jpg,pelecaniformes,pelecaniformes,True
5f19326cbd.jpg,pelecaniformes,pelecaniformes,True
6a4b5acd35.jpg,pelecaniformes,pelecaniformes,True
6fa6809972.jpg,pelecaniformes,pelecaniformes,True
8a79ddb17d.jpg,pelecaniformes,pelecaniformes,True
0a313e7754.jpg,penguin,penguin,True
0b3fdb852b.jpg,penguin,penguin,True
0fb77550a1.jpg,penguin,penguin,True
1aa750c6dd.jpg,penguin,penguin,True
3a341e64eb.jpg,penguin,penguin,True
4bb4eb5091.jpg,penguin,penguin,True
62d0684ef7.jpg,penguin,penguin,True
63ed6e7c01.jpg,penguin,penguin,True
9f2337e625.jpg,penguin,whale,False
20b55092ff.jpg,pig,pig,True
3b7eb74038.jpg,pig,pig,True
3e244d201c.jpg,pig,pig,True
5a00deeac7.jpg,pig,pig,True
6e1ce61365.jpg,pig,pig,True
76a897226f.jpg,pig,pig,True
8d0df376bf.jpg,pig,pig,True
8f5b33e158.jpg,pig,pig,True
9f1cc34925.jpg,pig,pig,True
00daf2d027.jpg,pigeon,pigeon,True
01b09ede52.jpg,pigeon,pigeon,True
06bb824f2e.jpg,pigeon,pigeon,True
0dbaa78bed.jpg,pigeon,pigeon,True
11c94c40e2.jpg,pigeon,pigeon,True
1a9935d664.jpg,pigeon,pigeon,True
55d7c4d3cd.jpg,pigeon,pigeon,True
7f07bfd866.jpg,pigeon,pigeon,True
9fc6cd4fd0.jpg,pigeon,pigeon,True
04ae1642ea.jpg,porcupine,porcupine,True
0e0854d5fa.jpg,porcupine,porcupine,True
14c3d3de9b.jpg,porcupine,porcupine,True
21bd52005e.jpg,porcupine,porcupine,True
29bf2d96a8.jpg,porcupine,porcupine,True
5f0a0c438f.jpg,porcupine,porcupine,True
80da7a6911.jpg,porcupine,porcupine,True
8a55ee7988.jpg,porcupine,porcupine,True
92b85ece75.jpg,porcupine,porcupine,True
29ce8e1f65.jpg,possum,wombat,False
5b2ccc21eb.jpg,possum,possum,True
5b8cd43e01.jpg,possum,possum,True
61a80b0fdc.jpg,possum,possum,True
75dfad590b.jpg,possum,possum,True
7fa78e4142.jpg,possum,bat,False
97ad403294.jpg,possum,possum,True
99dcc034ce.jpg,possum,possum,True
9e91183227.jpg,possum,possum,True
0a928b34b5.jpg,raccoon,raccoon,True
1f01736336.jpg,raccoon,raccoon,True
271ae58280.jpg,raccoon,raccoon,True
374e5141fb.jpg,raccoon,raccoon,True
3b6c06d63f.jpg,raccoon,possum,False
4c501b3006.jpg,raccoon,deer,False
51a7aeb37b.jpg,raccoon,raccoon,True
5dcf7d6edb.jpg,raccoon,raccoon,True
9dd127fe2b.jpg,raccoon,raccoon,True
0a00f7a061.jpg,rat,rat,True
120f65f860.jpg,rat,mouse,False
15aa222a2f.jpg,rat,rat,True
20a23cf2c7.jpg,rat,rat,True
377eb2641c.jpg,rat,rat,True
48cec317f8.jpg,rat,rat,True
5eb8847c62.jpg,rat,rat,True
8002b47f8b.jpg,rat,mouse,False
856e826937.jpg,rat,rat,True
17e19e385a.jpg,reindeer,reindeer,True
23b2bab3b6.jpg,reindeer,antelope,False
25cd78831a.jpg,reindeer,reindeer,True
3d9c5baba6.jpg,reindeer,reindeer,True
4fef19cd63.jpg,reindeer,reindeer,True
519d31370e.jpg,reindeer,reindeer,True
7fe2eab8ac.jpg,reindeer,reindeer,True
93be8a187a.jpg,reindeer,deer,False
9ef472add0.jpg,reindeer,reindeer,True
11e3f3ad87.jpg,rhinoceros,rhinoceros,True
13fcd75890.jpg,rhinoceros,rhinoceros,True
29e9be9668.jpg,rhinoceros,rhinoceros,True
35ec5e7a7d.jpg,rhinoceros,rhinoceros,True
4b2375132d.jpg,rhinoceros,rhinoceros,True
790e6a368a.jpg,rhinoceros,rhinoceros,True
8b68657268.jpg,rhinoceros,rhinoceros,True
8cac4d8c43.jpg,rhinoceros,rhinoceros,True
95e78cd34b.jpg,rhinoceros,rhinoceros,True
0bef07f8f0.jpg,sandpiper,sandpiper,True
0d2001a25d.jpg,sandpiper,sandpiper,True
1f5584ece3.jpg,sandpiper,sandpiper,True
25fba7eb49.jpg,sandpiper,sandpiper,True
37e6fd4a9c.jpg,sandpiper,sandpiper,True
44a6f20678.jpg,sandpiper,sandpiper,True
4aa6c0cc2d.jpg,sandpiper,sparrow,False
8d4305b7a2.jpg,sandpiper,sandpiper,True
8e39aea70e.jpg,sandpiper,sandpiper,True
09e3962314.jpg,seahorse,seahorse,True
0bae7d6a26.jpg,seahorse,seahorse,True
0e4f4b9304.jpg,seahorse,seahorse,True
2bb69a9014.jpg,seahorse,seahorse,True
4b30bbbdba.jpg,seahorse,seahorse,True
4d2d55f4b4.jpg,seahorse,seahorse,True
7afab570fe.jpg,seahorse,seahorse,True
7bea583dea.jpg,seahorse,seahorse,True
9ff6ef2f12.jpg,seahorse,seahorse,True
05aed12730.jpg,seal,seal,True
1ad9a04633.jpg,seal,otter,False
299f8232e3.jpg,seal,seal,True
47ed301ea1.jpg,seal,seal,True
4bac9ba217.jpg,seal,seal,True
5d894c31d8.jpg,seal,hippopotamus,False
6c9dedcc5c.jpg,seal,seal,True
7a7cfae63e.jpg,seal,seal,True
8f0db5d818.jpg,seal,seal,True
0373ac21ad.jpg,shark,shark,True
16af889d9d.jpg,shark,shark,True
2d099bdddf.jpg,shark,shark,True
2d892ed501.jpg,shark,shark,True
31c14ee54f.jpg,shark,shark,True
33f1f78558.jpg,shark,shark,True
41ffeeae88.jpg,shark,shark,True
45e11254ff.jpg,shark,shark,True
482cadb24e.jpg,shark,shark,True
0daddd2f28.jpg,sheep,lion,False
1f935484c5.jpg,sheep,sheep,True
3fe08ce282.jpg,sheep,sheep,True
4ffc1e8546.jpg,sheep,sheep,True
55de493137.jpg,sheep,sheep,True
59b791b7a3.jpg,sheep,sheep,True
5f6cb7b328.jpg,sheep,sheep,True
94cc221de3.jpg,sheep,sheep,True
9ecd23671b.jpg,sheep,sheep,True
0adeed6415.jpg,snake,snake,True
207bf76d96.jpg,snake,snake,True
255c02e2c1.jpg,snake,snake,True
2c5acd90f0.jpg,snake,snake,True
2e263a2559.jpg,snake,snake,True
38dcca56f9.jpg,snake,snake,True
41ea01f58c.jpg,snake,octopus,False
77bc1747df.jpg,snake,moth,False
8d75432aeb.jpg,snake,snake,True
01fb6bf91f.jpg,sparrow,sparrow,True
07d37bf39e.jpg,sparrow,sparrow,True
25b0e2985c.jpg,sparrow,sparrow,True
2f238b1987.jpg,sparrow,sparrow,True
35bc4d9e56.jpg,sparrow,sparrow,True
50bf6c59a0.jpg,sparrow,sparrow,True
5e41b6ffb1.jpg,sparrow,sparrow,True
7c9d7ae48d.jpg,sparrow,sparrow,True
ff10ec6344.jpg,sparrow,sparrow,True
0b55399f0e.jpg,squid,squid,True
100f6809b6.jpg,squid,squid,True
37d8c23fed.jpg,squid,squid,True
41c91a572f.jpg,squid,squid,True
48c6780e75.jpg,squid,octopus,False
5a2d08a99d.jpg,squid,squid,True
62bb22b628.jpg,squid,starfish,False
70f7c22928.jpg,squid,squid,True
830db78260.jpg,squid,squid,True
0f6ba7d62b.jpg,squirrel,squirrel,True
0fc5ccf675.jpg,squirrel,squirrel,True
1c0f6fc48f.jpg,squirrel,squirrel,True
35e8e447e8.jpg,squirrel,squirrel,True
4c7de300c1.jpg,squirrel,squirrel,True
5b750f7c50.jpg,squirrel,squirrel,True
61c54deffe.jpg,squirrel,squirrel,True
64dd7daca6.jpg,squirrel,octopus,False
90abf5952d.jpg,squirrel,raccoon,False
0cf320e7de.jpg,starfish,starfish,True
20f59302f3.jpg,starfish,starfish,True
2b6962f74a.jpg,starfish,bat,False
2e830e4f04.jpg,starfish,starfish,True
38c6603160.jpg,starfish,starfish,True
3aef4cd657.jpg,starfish,starfish,True
52c9c7d472.jpg,starfish,starfish,True
74db33ad48.jpg,starfish,starfish,True
7c87955ac6.jpg,starfish,starfish,True
077b6fe870.jpg,swan,swan,True
09d943ef54.jpg,swan,swan,True
1f999b23eb.jpg,swan,swan,True
22c6670d0d.jpg,swan,swan,True
3d41996928.jpg,swan,swan,True
4c78348e59.jpg,swan,swan,True
67daa3e762.jpg,swan,swan,True
6e2efc3bf3.jpg,swan,swan,True
7c7e0aedfe.jpg,swan,swan,True
10dc291203.jpg,tiger,horse,False
21a3753e48.jpg,tiger,tiger,True
337a5cb5b4.jpg,tiger,tiger,True
3f090f0f2a.jpg,tiger,raccoon,False
590c32df87.jpg,tiger,tiger,True
615af0f20c.jpg,tiger,tiger,True
6a5d1c3428.jpg,tiger,tiger,True
8f25c19159.jpg,tiger,tiger,True
9bac704bce.jpg,tiger,tiger,True
00720a8130.jpg,turkey,turkey,True
0a8b92e56d.jpg,turkey,turkey,True
1e8ab58129.jpg,turkey,turkey,True
2aa3741f89.jpg,turkey,turkey,True
2d45d443b9.jpg,turkey,turkey,True
2e91654bef.jpg,turkey,turkey,True
3391c8194b.jpg,turkey,turkey,True
71d3857c0f.jpg,turkey,turkey,True
7cbbe93724.jpg,turkey,turkey,True
109f2ca59e.jpg,turtle,turtle,True
1ad9159795.jpg,turtle,turtle,True
27640f375d.jpg,turtle,turtle,True
2a1645a566.jpg,turtle,turtle,True
30bc9c0c6b.jpg,turtle,turtle,True
4bff7b011a.jpg,turtle,snake,False
6077c9a4c3.jpg,turtle,turtle,True
9c27fcec22.jpg,turtle,turtle,True
9d11002724.jpg,turtle,turtle,True
021de89c47.jpg,whale,whale,True
027b7171a0.jpg,whale,whale,True
15a76e90f0.jpg,whale,whale,True
15d9ddefce.jpg,whale,whale,True
5fdd11987b.jpg,whale,whale,True
6e369955c0.jpg,whale,whale,True
74e6f1c9cc.jpg,whale,whale,True
7dc9dcadf6.jpg,whale,whale,True
8e29f98a3b.jpg,whale,whale,True
0eb7c96ef9.jpg,wolf,wolf,True
15eebd79cb.jpg,wolf,wolf,True
3e6d5f5ded.jpg,wolf,koala,False
3ee1588420.jpg,wolf,wolf,True
573b1b0393.jpg,wolf,wolf,True
58eac1d1a1.jpg,wolf,wolf,True
843e6810e0.jpg,wolf,wolf,True
9a059979c1.jpg,wolf,wolf,True
9cdcad3179.jpg,wolf,wolf,True
0a72cfbf1f.jpg,wombat,wombat,True
2a060a0922.jpg,wombat,wombat,True
2a6c3fd292.jpg,wombat,wombat,True
2c6c2362c1.jpg,wombat,wombat,True
47dbef2fdd.jpg,wombat,wombat,True
5b65f816b6.jpg,wombat,wombat,True
688d315015.jpg,wombat,wombat,True
86bc5ad3cc.jpg,wombat,wombat,True
8eccd98054.jpg,wombat,wombat,True
3a7fd9e840.jpg,woodpecker,woodpecker,True
3f75058539.jpg,woodpecker,woodpecker,True
40bf39a0a9.jpg,woodpecker,woodpecker,True
5a1304f5a7.jpg,woodpecker,woodpecker,True
7c7fff84ca.jpg,woodpecker,woodpecker,True
7ccde0b69f.jpg,woodpecker,woodpecker,True
7d771b2f33.jpg,woodpecker,woodpecker,True
8befc449ba.jpg,woodpecker,woodpecker,True
9dfab0d313.jpg,woodpecker,woodpecker,True
0495f61839.jpg,zebra,zebra,True
0642b33245.jpg,zebra,zebra,True
0c3b8c44ab.jpg,zebra,zebra,True
0f6629e915.jpg,zebra,zebra,True
10e8a5d5fd.jpg,zebra,zebra,True
2a285c7664.jpg,zebra,zebra,True
2eab8fe49e.jpg,zebra,zebra,True
3ce736b281.jpg,zebra,zebra,True
7f892f3977.jpg,zebra,zebra,True
